<?xml version="1.0" encoding="UTF-8" ?>
<!DOCTYPE mapper
PUBLIC "-//mybatis.org//DTD Mapper 3.0//EN"
"http://mybatis.org/dtd/mybatis-3-mapper.dtd">
<mapper namespace="com.ruoyi.weeklySchedule.mobilleTerminal.mapper.AccessMapper">
    
    <resultMap type="WeeklyScheduelAccess" id="WeeklyScheduelAccessResult">
        <result property="userId"    column="user_id"    />
        <result property="id"    column="id"    />
        <result property="teamName"    column="team_name"    />
        <result property="teamId"    column="team_id"    />
        <result property="userName"    column="user_name"    />
        <result property="accessLevel"    column="access_level"    />
    </resultMap>

    <sql id="selectWeeklyScheduelAccessVo">
        select user_id, id, team_name, team_id, user_name, access_level from weekly_scheduel_access
    </sql>

    <select id="selectWeeklyScheduelAccessList" parameterType="WeeklyScheduelAccess" resultMap="WeeklyScheduelAccessResult">
        <include refid="selectWeeklyScheduelAccessVo"/>
        <where>  
            <if test="userId != null  and userId != ''"> and user_id = #{userId}</if>
            <if test="teamName != null  and teamName != ''"> and team_name like concat(concat('%', #{teamName}), '%')</if>
            <if test="teamId != null  and teamId != ''"> and team_id = #{teamId}</if>
            <if test="userName != null  and userName != ''"> and user_name like concat(concat('%', #{userName}), '%')</if>
            <if test="accessLevel != null  and accessLevel != ''"> and access_level = #{accessLevel}</if>
        </where>
    </select>
    
    <select id="selectWeeklyScheduelAccessById" parameterType="Long" resultMap="WeeklyScheduelAccessResult">
        <include refid="selectWeeklyScheduelAccessVo"/>
        where id = #{id}
    </select>
        
    <insert id="insertWeeklyScheduelAccess" parameterType="WeeklyScheduelAccess">
        <selectKey keyProperty="id" resultType="long" order="BEFORE">
            SELECT seq_weekly_scheduel_access.NEXTVAL as id FROM DUAL
        </selectKey>
        insert into weekly_scheduel_access
        <trim prefix="(" suffix=")" suffixOverrides=",">
            <if test="userId != null  and userId != ''">user_id,</if>
            <if test="id != null ">id,</if>
            <if test="teamName != null  and teamName != ''">team_name,</if>
            <if test="teamId != null  and teamId != ''">team_id,</if>
            <if test="userName != null  and userName != ''">user_name,</if>
            <if test="accessLevel != null  and accessLevel != ''">access_level,</if>
         </trim>
        <trim prefix="values (" suffix=")" suffixOverrides=",">
            <if test="userId != null  and userId != ''">#{userId},</if>
            <if test="id != null ">#{id},</if>
            <if test="teamName != null  and teamName != ''">#{teamName},</if>
            <if test="teamId != null  and teamId != ''">#{teamId},</if>
            <if test="userName != null  and userName != ''">#{userName},</if>
            <if test="accessLevel != null  and accessLevel != ''">#{accessLevel},</if>
         </trim>
    </insert>

    <select id="selectAccessInfo" parameterType="java.lang.String" resultType="java.util.HashMap">
        select * from WEEKLY_SCHEDUEL_ACCESS where user_id = #{userId}
    </select>

    
</mapper>